ID,Sequence
1,MKIIILKSKIKKIIHKYINKGLIL
2,IDKIIHDFVDKAFNDFKKKNILL
3,MKFLEKEYEREEKFNIPVEKLKIKA
4,ANKSKWGKKQKVADIDLGKGD
5,ICQNFKKDKIEQIIDKFIDKCILA
6,MKELHKIIIEKIKTKALVDKIKKE
7,AEENRIARVWAEERRIV
8,FWGFFFKMAAKILPSMFKK
9,GGGPGERGDERRRERREGAA
10,RKEKRRRSIEIVIIIEIINR
11,IEPILARLEKALKEKIDYR
12,FVTIRAAAASPRRKKKNRPKKKAK
13,GQGGQARKGEGPEGWAVHP
14,RAEDLRQAHRAARPGWL
15,IENLLDKAEAAKRRELQ
16,AAHAADEKKKKIGKTIIDI
17,RPPAEARRPLERRAEGR
18,MKMMTIDMKLMEHKMEKGMGMMMAA
19,WPWQYLAAVGKKVLKHL
20,MKIKKKFKKILNKLKFN
21,RLEERRAAGERDRAGAGRGN
22,DHIQRGGRKIGRTLQRIGRKIQRFF
23,PFVPPKKKKKGKAGGKKGKKKKK
24,MIKKTGKILIKILEKIDEYRHYLR
25,TYGPKGKQHTGGKKIGMSKM
26,MMAIMNMYMMMMMEMKKMM
27,YRAAEIAKKELEQLKEINL
28,AANDDVSKKKKNDNAKANAANAAV
29,GGAGAEAAKNHQGKCNHQ
30,GKKIMDEIIMEYVKRTVQEWFT
31,FWLKHPLIKEKLENNPG
32,KAAAAAVAAKEEEEKK
33,AEQGRAPADQRPQGRQDRRGRAA
34,EDGAAVRIQRVWKGFRKKRRS
35,AQIEEAVAMRKNVALGA
36,RGERAARRAGRRQVGARR
37,RRAAGRRARRRRRALPRP
38,MSMMSNIMATMKKMM
39,GARPPARGWRRARRRARRG
40,MRMMHKKYIKKTKGAMSMMAVVMM
41,DDDEPRGGDRGRGRIPLR
42,PRPARARRARPGRWLRRA
43,PRPPRPHRRRQAPAEELRRPAPRG
44,ALPSPEEEQEQQYIVVVKKRRIGLK
45,FLSFIFKLFGKFISGIF
46,KNPKLTKAALEALLLLLFKKKKK
47,GKKITVKVIEDWGETKE
48,DKIEPLIHKMVTDKIKIEL
49,EAARRREAAARHRREAP
50,PEPPRRRARVPRRRRPRPR
51,GDRGGAERRRRAARAL
52,MEMMTQEKFKQIIHDFIDKKGQII
53,RRPGPRLDRRPREELRELLR
54,RLARAQELRLRRGGRFEGRR
55,GAERLCRAEGGRGGRRR
56,MAELRKLLARAQEQFQEQQ
57,ARRRPPRPRARRAEARAS
58,FFGALFKIASKLLPSLFTR
59,MRKGGGGRGGGAGGGHGH
60,GRRRRRAQAFARRRAAR
61,GGGCACGGKKKAAKAGGAKKKCG
62,RGGGARGGERAAAAELA
63,RGRRGPGAADRARRR
64,MEFKHFWFFNKKIINLDKIANIDFK
65,MMNAQMNKMGMMMMN
66,RARRRRRPRPAARRRRAAASLA
67,PKAPKAKPPKEPKTKPYY
68,RRPRPRRRPGGALNARGDAA
69,FLGSLMKLGAKLIPSVIKMFTKKQ
70,RPARRRRRPAARALADL
71,FLPIIAGVAAKFLPTIFCKITKKC
72,HGHRRGRRPRLRLLRGRRL
73,FFPAIMRVAAQLLPKIFCAISKKC
74,FLSLIPHAINAVSTLVKHF
75,MKIKEYLGGIWIEKELII
76,KTSKADAQGKKQGKGAATSKAA
77,ARGPPRRAPARAARRGRRRRS
78,AANNVKKKGEAPAQALVA
79,FFPIVVGLATKLFPKIFCAVTKKC
80,KNPNLIIAIKEISTIPRVK
81,FLPILLPQLAKILPSIFCAISKK
82,LGHFLRKGGRRIGQKLERIGQRIQ
83,NKIAKLMRIAKKEGANIVGLPQ
84,RGPRPGPDRWGREGGGGRARE
85,AQPSWQLQAQGAAKGKKK
86,LRRRPGRPPRGRGRPRRRGGP
87,RGRDGAAREARARAAA
88,MIMRGKAGEVAAQIRAYI
89,FLPIIAGVAAKFLPKIYCAITKKC
90,REKEAAAGSSKAKVPAAA
91,GGHPQGGQWHQKQKG
92,GRRRPRARWPARPRPQPRGHQHHP
93,WGIPHHLHHIGHAVHLHHG
94,FLPIIAGLVANFLPKIFCAISKK
95,FLPIIAGIAAKFLPKIFCKISKKC
96,ARPRGGAEHRRVGRRLLALRL
97,EPHLGEHQAAEWRPRKLSGN
98,FLPIIIKFAAKVVPTIFCKITKKC
99,FLGTLFKLGTKLLPSFFKKKK
100,FGTLFKLATKLIPSLFKRKK
101,MTMYMMEMMLIMRMMKMMMYAM
102,GPAPRRDPPGQARAKAAQPR
103,RWRRLPFARRRRPRPRLRAHPRA
104,GGGGGRGFKLGKGVNAH
105,FFSSFFKLLLKFIPKFFS
106,GGKGNKRKAPKGGAPTKRAR
107,AAEAAKALKPKHKPHHH
108,RRARRRARAAVRAAR
109,RIKFQMQVLMNEQHWIAGLLKGEQE
110,PPPPETKPNTNGEGR
111,APRRRAGHRPRLREGRGRPRR
112,RLEIEAIEMRIKKLINNLSSQPSDS
113,APLRPHGRGLRRAHHHVAGEHAT
114,FLPVIAGLAAKLAPKLFCLVTK
115,ATKSKKGAKKAGGGQKGKK
116,AARAARRARRARRRP
117,RDLGAPRAARARRRRRRG
118,ACVRVGAHRQGGRGGRRGRQGARH
119,VELEERHGRVRRRRHLLLRL
120,MNKKQRAIGIAAAAIA
121,GHRPGERRADRRRRGPVRGPLHA
122,QAQQWAGRARRRPEGLGAGRAAARA
123,FFPAVIRVIAKVIPKIFCAISKKC
124,FLSLIPHAINAIAALAKHL
125,RERGRIRGRHRPGAGRR
126,ELLRRHRLLGSGEAPRALRPALH
127,EALHFAKTEEIKKRVFEL
128,GAAGTTKKRGKSRVPKWVRRGR
129,AVHGRSVGPLRLRHRPRVRDAHLR
130,RAKLMKARRGRGRALERR
131,LQAARPGWGRRGHPRRSAGRP
132,FFGALFKIAAKILPSLFS
133,LRRAAARRPARRARRLAPSACARR
134,MRKTNLKKADKDLIFAEIDLK
135,MKMYMMQMQMMNQMMHHMYMM
136,LLIKKFIRKGRFEEVNPFIEFKYKY
137,GKESKWKLKEAVTAHGSGAAAAA
138,GGGGGEGDGRGGDRHRLRRHRRGL
139,GGGGGGSGGGNGGFGRK
140,IIAIILLDIVIDWFLRIRR
141,FAALFKALKALLPMLKLGAT
142,CRPRPDERHALLHLPAARARAAA
143,KQQDGGGPGGHGQHGGHQ
144,LRRRDGGRAGGRAAAGRR
145,RRLRLGRGCGEGLQGCLHEVAQER
146,LKKVLRLVLKLDKKTKK
147,MMMMMQAMMSHMMNMMMG
148,FFPMIAGVAARLLPKIFCSISKKC
149,AAEARLEERAGGRAPGACRGA
150,VPLVKKTKKPKKPKK
151,RPQDRAAARRLRLRR
152,PEREGLARRPRGEAPRDGRRHRP
153,FLPILAGLAAKVIPTLICAITK
154,MIFGGGMMMRMMDEMMVLSQMMMHK
155,GGRSRRLGRRYRPAGRGARR
156,FFPTILRMMANVLPTIFCAISKKC
157,PPPPSPRRAARRGAARRARRARG
158,IEPKKPERPIFWDGKHK
159,GGAKGGWNLGGQQMAG
160,GLHRRPRRERERAAATPA
161,GGKSKFKKKSQTWQGAG
162,FLPILTGLVAKFLPHIFCKVTKKC
163,HHHGHGGGHHHGPGYGAGGA
164,FLPLLAGLAANFLPKILCKVTKKC
165,PLGDPPRRPRRRSAPGRRPRAP
166,FPIIASIAAKLISRFICAITKKC
167,MAQKLKAKAAAEAEKAAKA
168,WCWGGGQGAAPSKKAGKK
169,RREAAVGRDRGVREHLLV
170,FLPMIASFAGEVFSKIFCAISKKC
171,PQGQRRSFPPPQQQFVVQ
172,MQKAAKPHAHHHGKAKH
173,AHRRRVRARVDAAGAAAA
174,RRDGRDPRPGNFRPPGRERQLRAW
175,GPGGGGGGGGGPDKGKKK
176,AELLEALRRAQGLGLLLGLRRL
177,RERPRPGNIRPGARRGRRRGPRV
178,GIYIVDIIKKYLIAIAAKAGNG
179,AREAREATAGQCLGRACGRQRRG
180,MLLETNEILNLILNKNGKYLKN
181,RQVAQRAPPRARLHRQAAA
182,MDEVDKLRSKTIALKKIVRRINKLV
183,MHMMMMMNMGMQNGMNMMMAAMAMN
184,GRAGRPRRRRRTPEARPHPAGRVP
185,ELPGALWRELADLLRGRREH
186,AARAALAHVRARLRHTRRRTGGHL
187,MNKIDKKKIYMMMMPMRA
188,FFSAIIGAAGKVLSKIFCAISKKC
189,AAMAQYQQSQKPGQATFN
190,KAAEKAAKKDKSAAAEALAGDLSGG
191,PPRREPAARARPHHDPRP
192,GLSLRLAKKARKLAKHRE
193,FLPIIARVAASYLPKIFCAISKKC
194,AAHRRARARRARAEARIRARTA
195,GEAKMKMMMMTEAMHIA
196,GAKKKMAAAQAVAAE
197,EGLRLGARRPGGPQGRAHDA
198,AAAATSLNNRKLDVQLALKA
199,AERVRRLARHRLRRLLRP
200,ELYKKLMAYFYRYIRREAGR
201,KTMMAMAMMMMMMNKM
202,AARRARRARGQRHGARP
203,EHGILRLQAGIRGLLVRMRF
204,GALRGQALAAREACLRGQRRRR
205,GGGHGHHHHHHGHGLH
206,INVIWENSKKINIIDQLKWALQIQ
207,KGKKPGSIKAAAVAAAAA
208,GGGSGRGGGLCGGRGHKPGSRR
209,FLPIIAGMAAKVLKKIFCAISKKC
210,REAGEPGRGGAAHGGGRGGALPE
211,HRLERARAADAAPPA
212,MSGAIQEIKEAKKIGKRDYIIK
213,YRRQARPPRPAPRRRGPRAPR
214,ALRSLGRKIARVVRRYGPIVIRIIR
215,RRRPPARDLGLLRGAARAVARAHT
216,AREIRHAQLEALQQQNA
217,RAQRLRARRALDRRGGRA
218,GKGKKGKKKPKKPKPQPG
219,GGYSSHHHRQARQGVGGGGGHAA
220,DKIDQIIHDFIKITSNIIKKLIQ
221,GRGGDHRRRAWRHRA
222,HGKKKLSAAARGPAGAARAGEERAA
223,KNYFKVADALLQMQQF
224,GGKGVKHHPHRGHHGPVR
